,0
0,Persephone
1,"A portrait: man, whose lineage is corpse."
2,a beautiful Waluigi
3,president¬†abe¬†lincoln¬†but¬†a¬†cat
4,a woman and a crow
5,"A professional, minimalist poster for the book The Old Man and the Sea"
6,"half Ryan, half pigeon"
7,Easter cat
8,a beautiful woman
9,a cherry tree made of fractals
10,a christmas card from the victorian era
11,The Theotokos is a bird
12,
13,A short life full of immense joy
14,a character from a ghibli movie
15,A structure made of people standing on top of other people
16,–∑–µ–ª–µ–Ω–∞—è —Å–æ–±–∞–∫–∞
17,a painting of the city
18,a character from a ghibli movie
19,pasta √∂metabolism
20,"a brilliant sketch titled ""Let Forever be Delayed"""
21,the sun is shining on the lake
22,Monet Lisa
23,Genesis
24,Synesthesia
25,A dead man
26,a cherry tree made of fractals
27,a tasteful nude
28,The First Supper
29,"i'm never gonna lose the desire to be loved. ""Oh the pain!! The pain! The agony!"""
30,a painting of the last day
31,Dead Codes by Ryan Murdock
32,Genesis
33,symmetry
34,The OLD DATA
35,a beautiful person
36,the whitest man
37,Death is a black camel that kneels down so we can ride
38,a goblin by van gogh
39,a portrait of a beautiful person
40,a famous painted portrait of Lady Macbeth
41,on the edge of grace
42,"""A God Made of Wires and Dust"" by Ryan Murdock"
43,symmetry
44,a beautiful person
45,"If we're not careful, it's only art about not-quite-dead pigs from now on."
46,Beauty here -- a photograph by Ryan Murdock
47,Hunger art by r.j. Murdock
48,"A professional, minimalist poster for the film Donnie Darko"
49,A black and white photo of a rainbow.
50,a beautiful painting
51,Monet Lisa
52,a painting of the city
53,A structure made of people standing on top of other people
54,a criminal
55,a cherry tree made of fractals
56,Persephone flees Hades
57,a tree with weaping branches
58,a tree with weaping branches
59,Genesis
60,"Elvis holding a rabbit. A detailed, high-quality photo without distortions"
61,a cute cat
62,Aflame
63,A cat wearing a tophat
64,a terrifying night hag
65,a beautiful woman
66,Fire
67,a cherry tree made of fractals
68,The EcoCathedral
69,a man on fire
70,A structure made of people standing on top of other people
71,totemic dusk
72,The Death of Achilles
73,Everywhere is no-place
74,"Elvis holding a rabbit. A detailed, high-quality photo without distortions"
75,An Arundel Tomb
76,The average Advadnoun twitter follower
77,I can read when there's writing on the wall
78,
79,A Tragedy
80,Breathe deep the fumes at Delphi
81,a pOrTRaIT Of tHe SpOngeBOb CHicKen
82,a portrait of a beautiful person
83,a beautiful person
84,a portrait of a beautiful person
85,Dead Codes by Ryan Murdock
86,a photo of a purple dog
87,Memento Mori
88,"joy, happiness, bliss"
89,Paradise Lost
90,a beautiful person
91,melancholia
92,Monet Lisa
93,"Of that which one cannot speak, one must be silent."
94,
95,Juliet
96,God killed Van Gogh.
97,a cherry tree made of fractals
98,a horse with four eyes.
99,a beautiful person
100,With the Gods in envy of their visions
101,The Lost Generation
102,"Elvis holding a rabbit. A detailed, high-quality photo without distortions"
103,a portrait of a beautiful person
104,"half Ryan, half pigeon"
105,a ginormous baby
106,a wormhole
107,Ophelia
108,"""The hunger artist, full"" by Ryan Murdock"
109,I¬†will¬†meet¬†you¬†in¬†a¬†field¬†firmly¬†set¬†within¬†wrong.nnBy¬†Ryan¬†Murdock
110,"Intricate, Weeping Tree by Ryan Murdock"
111,everything was beautiful and nothing hurt
112,Saturn being a good dad to his son
113,The years gild our memoriesnUnfairly.
114,Intimations of Immortality
115,meaningless neko ‚ô°‚ô° neko
116,chiaroscuro
117,The Patron Saint of Evil
118,a portrait of a beautiful person
119,"Mephisto, shrouded in smoke"
120,everything was beautiful and nothing hurt
121,God killed Van Gogh.
122,a man wearing makeup
123,Everywhere is no-place
124,üî¥~__ÔøΩÔøΩ't ÔøΩ
125,a beautiful waluigi
126,a beautiful woman
127,a portrait of a beautiful person
128,/
129,a green doG
130,Dead Codes by Ryan Murdock
131,I miss the Spring
132,
133,"a person with 2 eyes, one mouth, one nose, and no extra holes!"
134,a woman and a crow
135,a photo from {my hometown}
136,Summer's Symphony: Counterpoint and Melody
137,a cute cat
138,"God, it's amazing."
139,a painting of a sycamore in
140,distinguished leaves decorated
141,I do not think they'll sing for me
142,the monet lisa
143,a portrait of Abraham Lincoln
144,The average Advadnoun twitter follower
145,Dancing in the moonlight
146,Shinji Ikari
147,snazzy snazzy myspace cosplaying undergrad lookin cosplaying jared
148,/
149,is this loss? but it's van gogh
150,Shinji Ikari
151,a portrait of Juliet
152,A sticky-note magnum opus featuring birds
153,a silent palace
154,"""A new hope blooms on the long notes of old horns."""
155,The things I'll take with me
156,is this loss? but it's van gogh
157,a beautiful haunting
158,Summer's Symphony: Counterpoint and Melody
159,–∑–µ–ª–µ–Ω–∞—è —Å–æ–±–∞–∫–∞
160,Last Breath
161,Last Breath
162,a cherry tree made of fractals
163,The Theotokos is a bird
164,a man holding an apple in one hand
165,a beautiful person
166,Monet Lisa
167,A baroque portrait of Hamlet
168,A gun killed Van Gogh.
169,totemic dusk
170,a portrait of a beautiful person
171,pasta √∂metabolism
172,a beautiful person
173,Taylor Swift
174,colorful rabbits chandelier polaroid
175,Dancing in the moonlight
176,I¬†will¬†meet¬†you¬†in¬†a¬†field¬†firmly¬†set¬†within¬†wrong.nnBy¬†Ryan¬†Murdock
177,symmetry
178,"""Your mind flls in the gaps"" - by Ryan Murdock"
179,the moon is a sickle cell
180,"joy, happiness, bliss"
181,Beauty here -- a photograph by Ryan Murdock
182,a beautiful person
183,a photo of a purple dog
184,A propaganda poster promoting big chungus
185,a beautiful person
186,a tree with weaping branches
187,A gun killed Van Gogh.
188,"""A new hope blooms on the long notes of old horns."""
189,a portrait of Abe Lincoln
190,"""I love you more than the world can contain in its lonely and ramshackle head."""
191,a character from a ghibli movie
192,f*** it market standard rule language ‚Äì distinguish np tax science research
193,a portrait of Abe Lincoln
194,a wholesome clown. Not creepy at all
195,
196,a corgi
197,Easter cat
198,a portrait of Abraham Lincoln
199,a person's face
200,A poster advertising Freudian Psychoanalytics
201,Dancing in the moonlight
202,Cat in a teacup
203,a beautiful person
204,Summer's Symphony: Counterpoint and Melody
205,Post-Modern Nouveaux Statue
206,a famous painted portrait of Lady Macbeth
207,photosynthesis
208,a photo of a purple dog
209,
210,a photo of Juliet
211,The Starry Night
212,Saturn being a good dad to his son
213,a beautiful person
214,In smoke and mould the fleshless dead
215,totemic dusk
216,a beautiful woman
217,God killed Van Gogh.
218,is this loss? but it's van gogh
219,Nostos
220,a silent palace
221,"""The hunger artist, full"" by Ryan Murdock"
222,a green doG
223,Weeping Roses
224,for sale: baby shoes; never worn
225,a dog eating a cheese burger
226,a man inside a cage
227,Contentment at the Disco
228,a photo from {my hometown}
229,The EcoCathedral
230,The OLD DATA
231,treehouse in the style of studio ghibli animation
232,
233,"""The hunger artist, full"" by Ryan Murdock"
234,
235,Everywhere is no-place
236,"A portrait: man, whose lineage is corpse."
237,Last Breath
238,A propaganda poster promoting big chungus
239,–∑–µ–ª–µ–Ω–∞—è —Å–æ–±–∞–∫–∞
240,a beautiful person
241,Memento Mori
242,A propaganda poster promoting big chungus
243,is this loss?
244,a tree with weaping branches
245,Nostos
246,Beauty here -- a photograph by Ryan Murdock
247,a tiny church inside an eyeball
248,
249,a cherry tree made of fractals
250,"joy, happiness, bliss"
251,The First Supper
252,"Elvis holding a rabbit. A detailed, high-quality photo without distortions"
253,üî¥~__ÔøΩÔøΩ't ÔøΩ
254,Dancing in the moonlight
255,Mona Lisa
256,"God, it's amazing."
257,a man holding an apple in one hand
258,Some stolen Gods take up the reigns of darkness.
259,üî¥~__ÔøΩÔøΩ't ÔøΩ
260,Figure 5: a corgi
261,a photo from {my hometown}
262,Anxiety: the one emotion that does not lie
263,In the temple of God
264,
265,Metaphysics
266,a beautiful woman
267,a beautiful woman
268,a surrealist eye
269,the massive hope nof early iterations
270,Ophelia
271,a minimalist painting that you wouldn't understand
272,Aflame
273,a christmas card from the victorian era
274,Dancing in the moonlight
275,/
276,"Mephisto, shrouded in smoke"
277,a beautiful woman
278,–∑–µ–ª–µ–Ω–∞—è —Å–æ–±–∞–∫–∞
279,Easter cat
280,The Oracle leans forward to say: beware the ides of March
281,a portrait of a beautiful person
282,Persephone
283,a portrait of Abraham Lincoln
284,the moon is a sickle cell
285,symmetry
286,Monet Lisa
287,Saturn being a good dad to his son
288,The Monet Lisa
289,I sold my soul at the crossroads
290,a beautiful person
291,A poster advertising Freudian Psychoanalytics
292,Cat in a teacup
293,a silent palace
294,
295,a beautiful person
296,
297,
298,Super Mario World but every character is Luigi
299,chiaroscuro
300,A dead man
301,pasta √∂metabolism
302,A vanitas still life that features twitter follower counts
303,slightly mild cosplaying pseudo beard
304,Monet Lisa
305,Mona Lisa
306,handsome commemorative garden pigeon
307,pasta √∂metabolism
308,"""The hunger artist, full"" by Ryan Murdock"
309,a gorgeous bouquet with roses and sunflowers
310,is this loss? but it's van gogh
311,Memorial
312,a forest filled with moonlight
313,Post-Modern Nouveaux Statue
314,she sings opera
315,"God closes a door, boards up stained-glass windows."
316,a dog wearing a suit playing tennis
317,Intimations of Immortality
318,
319,turnt brony undergrad dwight
320,a famous painted portrait of Lady Macbeth
321,a cherry tree made of fractals
322,Weeping Roses
323,pasta √∂metabolism
324,
325,
326,"A portrait: man, whose lineage is corpse."
327,The average Advadnoun twitter follower
328,the moon is a sickle cell
329,A black and white photo of a rainbow.
330,God killed Van Gogh.
331,turnt brony undergrad dwight
332,"a brilliant sketch titled ""Let Forever be Delayed"""
333,handsome commemorative garden pigeon
334,a painting of a sycamore in
335,a¬†professional¬†photo¬†of¬†a¬†cat¬†wearing¬†a¬†party¬†hat
336,Persephone
337,Taylor Swift
338,Homer Simpson
339,using generated paint
340,A black and white photo of a rainbow.
341,meaningless neko ‚ô°‚ô° neko
342,is this loss? but it's van gogh
343,Is this loss?
344,a man from an anime
345,the massive hope nof early iterations
346,a beautiful woman
347,Post-Modern Nouveaux Statue
348,photosynthesis
349,a cherry tree made of fractals
350,a minimalist painting that you wouldn't understand
351,a corgi
352,handsome commemorative garden pigeon
353,The OLD DATA
354,cowboy with a trumpet
355,A short life full of immense joy
356,a beautiful woman
357,The¬†end¬†of¬†nothing¬†is¬†eroding.¬†A¬†watercolor¬†by¬†K.
358,a tasteful nude
359,symmetry
360,a portrait of Abraham Lincoln
361,Last Breath
362,the eternal dread of lemongrab
363,vangogh # landscape
364,a cherry tree made of fractals
365,The Devil Whispers blood
366,a silent palace
367,Paradise Lost
368,Monet Lisa
369,Everywhere is no-place
370,Taylor Swift
371,"r.j. Murdock's ""The Death of a Hacker"""
372,a portrait of Abraham Lincoln
373,I know the end
374,Persephone
375,A poster advertising Freudian Psychoanalytics
376,a beautiful woman
377,A black and white photo of a rainbow.
378,the whitest man
379,the eternal dread of lemongrab
380,a drawing by an AI
381,üî¥~__ÔøΩÔøΩ't ÔøΩ
382,We haunt the synapses
383,frogs in the style of Ralph Steadman
384,a beautiful haunting
385,photosynthesis
386,a character from a ghibli movie
387,A structure made of people standing on top of other people
388,Intimations of Immortality
389,a jukebox powered by smoke
390,beautiful art
391,In the temple of God
392,Intimations of Immortality
393,a beautiful painting
394,A gun killed Van Gogh.
395,a man with no eyes
396,a famous painted portrait of Lady Macbeth
397,a tasteful nude
398,a jukebox powered by smoke
399,a portrait of Juliet
400,The Patron Saint of Evil
401,a beautiful Waluigi
402,a gilded lily
403,
404,Kierkegaard on the edge
405,a beautiful person
406,Just west of Alpha Centauri
407,a horse with four eyes.
408,Good grief
409,a portrait of a beautiful person
410,Aflame
411,a man wearing makeup
412,a portrait of Abraham Lincoln
413,a corgi
414,I do not think they'll sing for me
415,Intimations of Immortality
416,A poster serving as a memento mori
417,Psychology
418,A gun killed Van Gogh.
419,"a brilliant sketch titled ""Let Forever be Delayed"""
420,using generated paint
421,pasta √∂metabolism
422,a summer day
423,a gilded lily
424,a cute cat
425,on the edge of grace
426,Art is growing.
427,Spiderman delivering a pizza
428,the intersection of art and technology
429,"""The hunger artist, full"" by Ryan Murdock"
430,a tarot card
431,an omen
432,slightly mild cosplaying pseudo beard
433,meaningless neko ‚ô°‚ô° neko
434,intricate nothing
435,symmetry
436,I have no idea what anything in this image is
437,a photo from {my hometown}
438,a sad man
439,face like an M.C. Escher drawing n(you could get lost in its beauty)
440,A E S T H E T I C ?
441,totemic dusk
442,Nostos
443,"i'm never gonna lose the desire to be loved. ""Oh the pain!! The pain! The agony!"""
444,a silent palace
445,a beautiful painting
446,"half Ryan, half pigeon"
447,Weeping Roses
448,a broken heart
449,a portrait of Juliet
450,a painting of the last day
451,"a brilliant sketch titled ""Let Forever be Delayed"""
452,a beautiful person
453,"""The hunger artist, full"" by Ryan Murdock"
454,a horse with four eyes.
455,a photo of a purple dog
456,a summoning
457,Redacted ‚ñà‚ñà‚ñà‚ñà‚ñà‚ñà‚ñà‚ñà
458,a ginormous baby
459,On the edge of endless darkness
460,The Fates knit such delicate nooses for us to bind
461,Theotokos of Milk
462,A minimalistic still life of a cat sitting on a table
463,Dancing in the moonlight
464,a minimalist painting that you wouldn't understand
465,a beautiful woman
466,totemic dusk
467,"Ryan Murdock's ""God haunts the suburbs"""
468,Dancing in the moonlight
469,a beautiful woman
470,a city in Van Gogh's style
471,"""The hunger artist, full"" by Ryan Murdock"
472,a person's face
473,a portrait of <name>
474,Dancing in the moonlight
475,a portrait of Persephone
476,a minimalist painting that you wouldn't understand
477,a portrait of Abraham Lincoln
478,Synesthesia
479,a cute corgi
480,a portrait of advadnoun
481,a green doG
482,a man with no eyes
483,a cherry tree made of fractals
484,a ginormous baby
485,
486,turnt brony undergrad dwight
487,"God, it's amazing."
488,"""The hunger artist, full"" by Ryan Murdock"
489,We haunt the synapses
490,God's Eyes are Wired Shut
491,a famous painted portrait of Lady Macbeth
492,Juliet
493,a character from a ghibli movie
494,the whitest man
495,a horse with four eyes.
496,a photo of a purple dog
497,a beautiful person
498,The Patron Saint of Hackers
499,Dead Codes by Ryan Murdock
500,something trite
501,beautiful art
502,
503,the monet lisa
504,a cute cat
505,üëâ  üëà
506,A propaganda poster promoting big chungus
507,a beautiful person
508,a portrait of advadnoun
509,a cherry tree made of fractals
510,"It's a meme, I guess"
511,a person's face
512,A baroque portrait of Hamlet
513,a city in Van Gogh's style
514,"""The hunger artist, full"" by Ryan Murdock"
515,a man with no eyes
516,a minimalist painting that you wouldn't understand
517,pathoarthistory evankirstel sleep depend npainter ‚òº nightmare comprehend
518,"joy, happiness, bliss"
519,
520,"a brilliant sketch titled ""Let Forever be Delayed"""
521,Last Breath
522,On the edge of endless darkness
523,a photo of Juliet
524,Summer's Symphony: Counterpoint and Melody
525,Persephone
526,a green doG
527,symmetry
528,"Elvis holding a rabbit. A detailed, high-quality photo without distortions"
529,The Starry Night
530,Genesis
531,bootleg edgy casual assange
532,Memento Mori
533,meaningless neko ‚ô°‚ô° neko
534,totemic dusk
535,Aflame
536,"""Here lies Ryan Murdock"" -- a memorial with the date and cause of departure."
537,"""The hunger artist, full"" by Ryan Murdock"
538,f*** you
539,a tree with leaves that are amarillo sightseeing thetic
540,a painting of the last day
541,"God, it's amazing."
542,Paradise Lost
543,a gilded lily
544,Aflame
545,a portrait of <name>
546,a painting that couldn't be sold
547,a man holding an apple in one hand
548,"A clock with gorgeous, intricate gradients on it"
549,a goblin by van gogh
550,"a person with 2 eyes, one mouth, one nose, and no extra holes!"
551,A vanitas still life that features twitter follower counts
552,the whitest man
553,"""The hunger artist, full"" by Ryan Murdock"
554,is this loss? but it's van gogh
555,Synesthesia
556,Aflame
557,a cherry tree made of fractals
558,A propaganda poster for daring to eat a peach.
559,A vanitas still life that features twitter follower counts
560,the moon is a sickle cell
561,The Lost Generation
562,the eternal dread of lemongrab
563,The First Supper
564,a character from a ghibli movie
565,a man on fire
566,symmetry
567,pasta √∂metabolism
568,a horse with four eyes.
569,Metaphysics
570,Synesthesia
571,The Fates knit such delicate nooses for us to bind
572,Knowledge of Good and Evil
573,meaningless neko ‚ô°‚ô° neko
574,A Tragedy
575,
576,a drawing by an AI
577,The Fool tarot card but it's The Lovers
578,a beautiful person
579,a silent palace
580,an omen
581,"A portrait: man, whose lineage is corpse."
582,Dancing in the moonlight
583,a gilded lily
584,turnt brony undergrad dwight
585,"a person with 2 eyes, one mouth, one nose, and no extra holes!"
586,totemic dusk
587,Monet Lisa
588,fatal skull prose visits bend ntuscan painting underthecomprehend
589,Monet Lisa
590,Aflame
591,an intricate painting Of Eternity by Ryan Murdock
592,"Intricate, Weeping Tree by Ryan Murdock"
593,Summer's Symphony: Counterpoint and Melody
594,Monet Lisa
595,Last Breath
596,is this loss? but it's van gogh
597,"half Ryan, half pigeon"
598,"God closes a door, boards up the stained-glass windows. nnGod hides."
599,Everything was beautiful and nothing hurt
600,"r.j. Murdock's ""The Death of a Hacker"""
601,"Elvis holding a rabbit. A detailed, high-quality photo without distortions"
602,meaningless neko ‚ô°‚ô° neko
603,twilight
604,the sun is shining on the lake
605,a portrait of a beautiful person
606,the sun is shining on the lake
607,
608,a portrait of Abe Lincoln
609,A gun killed Van Gogh.
610,a photo from {my hometown}
611,The Fool tarot card but it's The Lovers
612,A structure made of people standing on top of other people
613,"God closes a door, boards up the stained-glass windows. nnGod hides."
614,an old man
615,a beautiful waluigi
616,is this loss? but it's van gogh
617,a man standing alone in a wheat field
618,Aflame
619,Synesthesia
620,
621,Intimations of Immortality
622,The First Supper
623,"God, it's amazing."
624,Persephone
625,"r.j. Murdock's ""The Death of a Hacker"""
626,God's Eyes are Wired Shut
627,Do you remember the mythic beast?nA last-minute cancellation at The Last Supper
628,f*** it market standard rule language ‚Äì distinguish np tax science research
629,totemic dusk
630,Cat in a teacup
631,frogs in the style of Ralph Steadman
632,a beautiful person
633,The Starry Night
634,Juliet
635,turnt brony undergrad dwight
636,
637,There is something so interesting about a bleeding edge full of dust.
638,On the edge of endless darkness
639,The warrior Achilles devours slain Hector's corpse -- an ink poster by Ryan Murdock
640,turnt brony undergrad dwight
641,Intimations of Immortality
642,a portrait of Abraham Lincoln
643,a man wearing makeup
644,a sketch of the mind of god
645,a man on fire
646,a portrait of Abraham Lincoln
647,
648,The ancient ŒòœâŒµœÅœÑœÖ keyboard of brave Achilles
649,goes thu extre‚Äî dum dum dizzy grimstupiddic ious mindidioirony merely experiment .
650,"A group portrait featuring the id, ego, and superego"
651,a photo from {my hometown}
652,A structure made of people standing on top of other people
653,a famous painted portrait of Lady Macbeth
654,ogden
655,pasta √∂metabolism
656,a tree with weaping branches
657,photosynthesis
658,handsome commemorative garden pigeon
659,a photo of a purple dog
660,"a brilliant sketch titled ""Let Forever be Delayed"""
661,"i'm never gonna lose the desire to be loved. ""Oh the pain!! The pain! The agony!"""
662,The Death of Achilles
663,potus mormon lincoln rooster
664,A black and white photo of a rainbow.
665,a beautiful haunting
666,"Elvis holding a rabbit. A detailed, high-quality photo without distortions"
667,In the temple of God
668,a beautiful person
669,The Patron Saint of Mathematics
670,a brilliant painting titled
671,a gilded lily
672,a tiny church inside an eyeball
673,a portrait of Juliet
674,A painting that sold for a million dollars
675,the moon is a sickle cell
676,photosynthesis
677,The Theotokos is a bird
678,the whitest man
679,The Monet Lisa
680,Beauty here -- a photograph by Ryan Murdock
681,Breathe deep the fumes at Delphi
682,the sun is shining on the lake
683,photosynthesis
684,The things I'll take with me
685,a green doG
686,a beautiful person
687,The years gild our memoriesnUnfairly.
688,The Lost Generation
689,a beautiful person
690,The average Advadnoun twitter follower
691,a goblin by van gogh
692,pathoarthistory evankirstel sleep depend npainter ‚òº nightmare comprehend
693,"A professional, minimalist poster for the book The Old Man and the Sea"
694,
695,Cat in a teacup
696,a beautiful person
697,beautiful art
698,I sold my soul at the crossroads
699,face like an M.C. Escher drawing n(you could get lost in its beauty)
700,a gorgeous bouquet with roses and sunflowers
701,a portrait of Abraham Lincoln
702,Sisyphus
703,a cute cat
704,a portrait of <name>
705,a minimalist painting that you wouldn't understand
706,a photo of Bernie Sanders sitting on a chair and wearing mittens
707,a woman and a crow
708,a character from a ghibli movie
709,a photo of a purple dog
710,a dog eating a cheese burger
711,Last Breath
712,a sketch of the mind of god
713,a steampunk technomancer
714,We haunt the synapses
715,using generated paint
716,a cherry tree made of fractals
717,Saturn being a good dad to his son
718,oof deeplearning corgi corgi rendering
719,
720,Dancing in the moonlight
721,A Tragedy
722,A propaganda poster promoting big chungus
723,A structure made of people standing on top of other people
724,"A cute, minmimalist valentine's day card featuring a cat"
725,a cute cat
726,The skyscraper draws blood -- a landscape
727,the monet lisa
728,a photo of a person generating a painting of a person with AI
729,"""A God Made of Wires and Dust"" by Ryan Murdock"
730,Monet Lisa
731,photosynthesis
732,Hunger art by r.j. Murdock
733,"""The hunger artist, full"" by Ryan Murdock"
734,An Arundel Tomb
735,twilight
736,"r.j. Murdock's ""The Death of a Hacker"""
737,living in a den of thieves
738,"""A new hope blooms on the long notes of old horns."""
739,"The laptop of brave Achaean Achilles, who would not live long."
740,a minimalist painting that you wouldn't understand
741,"Intricate, Weeping Tree by Ryan Murdock"
742,The Fool
743,a summoning
744,pasta √∂metabolism
745,"a brilliant sketch titled ""Let Forever be Delayed"""
746,a silent palace
747,The average Advadnoun twitter follower
748,f*** it market standard rule language ‚Äì distinguish np tax science research
749,Monet Lisa
750,"a brilliant sketch titled ""Let Forever be Delayed"""
751,meaningless neko ‚ô°‚ô° neko
752,"God, it's amazing."
753,Nostos
754,Shinji Ikari
755,a beautiful woman
756,The Starry Night
757,hamont parkland avenue incumbscreenshotsaturday hemisphere footage algorithm
758,a beautiful woman
759,
760,Summer always ending
761,president¬†abe¬†lincoln¬†but¬†a¬†cat
762,üé∑
763,"Elvis holding a rabbit. A detailed, high-quality photo without distortions"
764,a cherry tree made of fractals
765,A painting that sold for one billion dollars
766,a man standing alone in a wheat field
767,symmetry
768,a broken heart
769,a silent palace
770,A vanitas still life that features twitter follower counts
771,"half Ryan, half pigeon"
772,"a brilliant sketch titled ""Let Forever be Delayed"""
773,slightly mild cosplaying pseudo beard
774,a portrait of <name>
775,God's Eyes are Wired Shut
776,she sings opera
777,a person's face
778,a cherry tree made of fractals
779,Dead Codes by Ryan Murdock
780,Everywhere is no-place
781,The First Supper
782,Monet Lisa
783,A short life full of immense joy
784,Anxiety: the one emotion that does not lie
785,Anxiety: the one emotion that does not lie
786,symmetry
787,a beautiful waluigi
788,a goblin by van gogh
789,"""A new hope blooms on the long notes of old horns."""
790,Juliet
791,The OLD DATA
792,a beautiful woman
793,The average Advadnoun twitter follower
794,Synesthesia by Ryan Murdock
795,Persephone flees Hades
796,Last Breath
797,a portrait of Persephone
798,Homer Simpson
799,totemic dusk
800,a steampunk technomancer
801,a portrait of Abraham Lincoln
802,a cherry tree made of fractals
803,bored of dying
804,a famous painted portrait of Lady Macbeth
805,a summer day
806,A E S T H E T I C ?
807,A vanitas still life that features twitter follower counts
808,an illustration of a baby daikon radish in a tutu walking a dog
809,Persephone
810,pasta √∂metabolism
811,A vision of the Theotokos in my glass of coffee
812,a dog.
813,a photo of a person generating a painting of a person with AI
814,üî¥~__ÔøΩÔøΩ't ÔøΩ
815,Intimations of Immortality
816,snazzy snazzy myspace cosplaying undergrad lookin cosplaying jared
817,A dead man
818,The Oracle leans forward to say: beware the ides of March
819,Monet Lisa
820,a silent palace
821,an intricate painting of eternity
822,A propaganda poster for chunky cats.
823,God killed Van Gogh.
824,the eyes of God are wired shut
825,Persephone
826,symmetry
827,Mona Lisa
828,Saturn being a good dad to his son
829,a technomancer
830,
831,a cherry tree made of fractals
832,A cat wearing a tophat
833,frogs in the style of Ralph Steadman
834,a portrait of a beautiful person
835,a green dog
836,a portrait of Abraham Lincoln
837,Hungry Dogs Will Devour in the Daytime
838,a photo of a purple dog
839,Cat in a teacup
840,
841,Nostos
842,A baroque portrait of Hamlet
843,Saturn being a good dad to his son
844,Hell is Paradise
845,a tasteful nude
846,"God, it's amazing."
847,Everywhere is no-place
848,a minimalist painting that you wouldn't understand
849,a tree with weaping branches
850,a portrait of Elvis Presley
851,a man standing alone in a wheat field
852,Juliet
853,I sold my soul at the crossroads
854,a beautiful person
855,photosynthesis
856,
857,"Mephisto, shrouded in smoke"
858,playing Go with Death
859,a painting of the last day
860,totemic dusk
861,Hell is Paradise
862,a christmas card from the victorian era
863,Good grief
864,handsome commemorative garden pigeon
865,a portrait of <name>
866,a portrait of Abraham Lincoln
867,she came in through the wall
868,a sad man
869,In the temple of God
870,fuzzy pals hum
871,a painting of a sycamore in
872,a beautiful waluigi
873,"a brilliant sketch titled ""Let Forever be Delayed"""
874,a portrait of a beautiful person
875,a portrait of Juliet
876,MEMETIC HAZARD
877,The years gild our memoriesnUnfairly.
878,Mona Lisa
879,pasta √∂metabolism
880,pasta √∂metabolism
881,bored of dying
882,Cat in a teacup
883,a cherry tree made of fractals
884,an intricate drawing of eternity
885,mammals
886,a portrait of Persephone
887,treehouse in the style of studio ghibli animation
888,watching TV in purgatory
889,The winds of change by Ryan Murdock
890,a technomancer
891,a portrait of Persephone
892,Last Breath
893,A minimalistic still life of a cat sitting on a table
894,
895,cult of prisms
896,Aflame
897,Cat in a teacup
898,"God, it's amazing."
899,a minimalist painting that you wouldn't understand
900,a woman and a crow
901,totemic dusk
902,a city in Van Gogh's style
903,A baroque portrait of Hamlet
904,murdoch
905,a silent palace
906,Anxiety: the one emotion that does not lie
907,a photo of a purple dog
908,the moon is a sickle cell
909,Tendrils of smoke curl around the caterpillar with a hookah
910,president¬†abe¬†lincoln¬†but¬†a¬†cat
911,a beautiful woman
912,handsome commemorative garden pigeon
913,an intricate painting of eternity
914,"God, it's amazing."
915,Grippy socks; no drawstrings: high fashion
916,The average Advadnoun twitter follower
917,"Elvis holding a rabbit. A detailed, high-quality photo without distortions"
918,a photo from {my hometown}
919,MEMETIC HAZARD
920,a portrait of Elvis Presley
921,a woman and a crow
922,Saturn being a good dad to his son
923,beautiful art
924,Shinji Ikari
925,a portrait of <name>
926,a photo of a purple dog
927,Ophelia
928,a dog wearing a suit playing tennis
929,We haunt the synapses
930,I do not think they'll sing for me
931,Genesis
932,a beautiful person
933,"a brilliant sketch titled ""Let Forever be Delayed"""
934,Metaphysics
935,bored of dying
936,treehouse in the style of studio ghibli animation
937,
938,photosynthesis
939,A structure made of people standing on top of other people
940,meaningless neko ‚ô°‚ô° neko
941,a photo of the sun melting into the ocean
942,symmetry
943,the moon is a sickle cell
944,Dancing in the moonlight
945,Last Breath
946,I sold my soul at the crossroads
947,a beautiful woman
948,"God, it's amazing."
949,Cat in a teacup
950,a tree with weaping branches
951,"God, it's amazing."
952,Cat in a teacup
953,"r.j. Murdock's ""The Death of a Hacker"""
954,using generated paint
955,fuzzy pals hum
956,"A portrait: man, whose lineage is corpse."
957,a ginormous baby
958,a beautiful woman
959,"half Ryan, half pigeon"
960,when the wind blows
961,a beautiful woman
962,pasta √∂metabolism
963,a cherry tree made of fractals
964,The Monet Lisa
965,"""The hunger artist, full"" by Ryan Murdock"
966,a portrait of advadnoun
967,The Fool tarot card but it's The Lovers
968,Persephone
969,"Elvis holding a rabbit. A detailed, high-quality photo without distortions"
970,an omen
971,the eternal dread of lemongrab
972,a man on fire
973,Aflame
974,"i'm never gonna lose the desire to be loved. ""Oh the pain!! The pain! The agony!"""
975,twilight
976,hamont parkland avenue incumbscreenshotsaturday hemisphere footage algorithm
977,a silent palace
978,a selfie
979,the moon is a sickle cell
980,a portrait of Abraham Lincoln
981,a tree with weaping branches
982,a tiny church inside an eyeball
983,a portrait of a beautiful person
984,Paradise Lost
985,a horse with four eyes.
986,president¬†abe¬†lincoln¬†but¬†a¬†cat
987,a summer day
988,Anxiety: the one emotion that does not lie
989,Saturn being a good dad to his son
990,In the temple of God
991,Redacted ‚ñà‚ñà‚ñà‚ñà‚ñà‚ñà‚ñà‚ñà
992,Dr. Faustus and Mephisto
993,a minimalist painting that you wouldn't understand
994,a man standing alone in a wheat field
995,a seance in the basement
996,a portrait of <name>
997,Aflame
998,the moon is a sickle cell
999,beautiful art
1000,a man on fire
1001,a tiny church inside an eyeball
1002,totemic dusk
1003,Persephone
1004,piss indiefilm
1005,a beautiful woman
1006,The EcoCathedral
1007,"joy, happiness, bliss"
1008,Intimations of Immortality
1009,the whitest man
1010,a silent palace
1011,
1012,a woman and a crow
1013,Memento Mori
1014,Visions in envy of the gods
1015,symmetry
1016,A poster advertising Freudian Psychoanalytics
1017,A propaganda poster promoting big chungus
1018,With the Gods in envy of their visions
1019,a cherry tree made of fractals
1020,pasta √∂metabolism
1021,snazzy snazzy myspace cosplaying undergrad lookin cosplaying jared
1022,a beautiful person
1023,cowboy with a trumpet
1024,a portrait of a beautiful person
1025,The OLD DATA
1026,f*** it market standard rule language ‚Äì distinguish np tax science research
1027,murdoch
1028,Some stolen Gods take up the reigns of darkness.
1029,a portrait of Juliet
1030,a tasteful nude
1031,she sings opera
1032,The First Supper
1033,handsome commemorative garden pigeon
1034,cult of prisms
1035,Cat in a teacup
1036,üí® üëª ‚ò∫ üîÆ üî∫ ‚úä
1037,a portrait of Abraham Lincoln
1038,a corgi
1039,a beautiful woman
1040,a portrait of a beautiful person
1041,Dead Codes by Ryan Murdock
1042,totemic dusk
1043,Juliet
1044,a portrait of Elvis Presley
1045,a criminal
1046,Genesis where the universe was made
1047,a portrait of <name>
1048,turnt brony undergrad dwight
1049,Cat in a teacup
1050,a corgi
1051,"Hamlet saying ""To be or not to be"""
1052,a portrait of a beautiful person
1053,A E S T H E T I C ?
1054,Figure 5: a corgi
1055,A gun killed Van Gogh.
1056,Persephone flees Hades
1057,a silent palace
1058,pasta √∂metabolism
1059,a beautiful person
1060,on the edge of grace
1061,a portrait of Elvis Presley
1062,Persephone
1063,Tendrils of smoke curl around the caterpillar with a hookah
1064,"half Ryan, half pigeon"
1065,a sunflower
1066,a beautiful person
1067,a portrait of Juliet
1068,A dead man
1069,a character from a ghibli movie
1070,a silent palace
1071,a portrait of Elvis Presley
1072,a portrait of advadnoun
1073,A E S T H E T I C ?
1074,–∑–µ–ª–µ–Ω–∞—è —Å–æ–±–∞–∫–∞
1075,A baroque portrait of Hamlet
1076,a man at the beach
1077,Sisyphus
1078,Good grief
1079,"r.j. Murdock's ""The Death of a Hacker"""
1080,a beautiful woman
1081,üî¥~__ÔøΩÔøΩ't ÔøΩ
1082,a portrait of advadnoun
1083,a painting of a sycamore in
1084,president¬†abe¬†lincoln¬†but¬†a¬†cat
1085,The agony of time
1086,God once loved a woman
1087,pasta √∂metabolism
1088,Dead Codes by Ryan Murdock
1089,
1090,slightly mild cosplaying pseudo beard
1091,Last Breath
1092,The Oracle leans forward to say: beware the ides of March
1093,The Devil Wears Khakis
1094,"""The hunger artist, full"" by Ryan Murdock"
1095,In the temple of God
1096,a beautiful person
1097,a man from an anime
1098,She's gorgeous
1099,A vanitas still life that features twitter follower counts
1100,
1101,the eternal dread of lemongrab
1102,Advadnoun
1103,a summer day
1104,The Fool tarot card but it's The Lovers
1105,I miss the Spring
1106,an illustration of a baby daikon radish in a tutu walking a dog
1107,The Oracle leans forward to say: beware the ides of March
1108,Contentment at the Disco
1109,The First Supper
1110,Saturn being a good dad to his son
1111,a beautiful woman
1112,"Intricate, Weeping Tree by Ryan Murdock"
1113,"a brilliant sketch titled ""Let Forever be Delayed"""
1114,beautiful art
1115,
1116,a silent palace
1117,a portrait of Juliet
1118,A propaganda poster promoting big chungus
1119,a portrait of a beautiful person
1120,a portrait of Abraham Lincoln
1121,
1122,the whitest man
1123,a portrait of Abe Lincoln
1124,Monet Lisa
1125,The Fool tarot card but it's The Lovers
1126,a portrait of <name>
1127,a portrait of Elvis Presley
1128,Post-Modern Nouveaux Statue
1129,a cherry tree made of fractals
1130,f*** it market standard rule language ‚Äì distinguish np tax science research
1131,symmetry
1132,pasta √∂metabolism
1133,a brilliant painting titled
1134,The First Supper
1135,a corgi
1136,a beautiful person
1137,a green doG
1138,The OLD DATA
1139,Ophelia
1140,a portrait of Abraham Lincoln
1141,incineratures motherhood
1142,a green dog
1143,a portrait of advadnoun
1144,a sunflower
1145,
1146,a man from an anime
1147,Beauty here -- a photograph by Ryan Murdock
1148,slightly mild cosplaying pseudo beard
1149,Nostos
1150,pasta √∂metabolism
1151,a beautiful person
1152,"half Ryan, half pigeon"
1153,turnt brony undergrad dwight
1154,beautiful art
1155,a portrait of Persephone
1156,A sticky-note magnum opus featuring birds
1157,I sold my soul at the crossroads
1158,"a brilliant sketch titled ""Let Forever be Delayed"""
1159,A poster advertising Freudian Psychoanalytics
1160,using generated paint
1161,The OLD DATA
1162,a horse with four eyes.
1163,is this loss? but it's van gogh
1164,a gorgeous bouquet with roses and sunflowers
1165,Anxiety: the one emotion that does not lie
1166,turnt brony undergrad dwight
1167,The Lost Generation
1168,Taylor Swift
1169,The Lost Generation
1170,a photo from {my hometown}
1171,The OLD DATA
1172,a portrait of <name>
1173,a cherry tree made of fractals
1174,an intricate sculpture of Death itself
1175,
1176,–∑–µ–ª–µ–Ω–∞—è —Å–æ–±–∞–∫–∞
1177,a sunflower
1178,angst
1179,president¬†abe¬†lincoln¬†but¬†a¬†cat
1180,a beautiful person
1181,The OLD DATA
1182,"You shake the demons hand, and redo it all, again."
1183,the latent space
1184,Fire
1185,a tree with weaping branches
1186,treehouse in the style of studio ghibli animation
1187,Good grief
1188,a portrait of <name>
1189,a wholesome clown. Not creepy at all
1190,Theotokos of Milk
1191,"God closes a door, boards up the stained-glass windows. nnGod hides."
1192,I sold my soul at the crossroads
1193,"Mephisto, shrouded in smoke"
1194,A baroque portrait of Hamlet
1195,a lamp
1196,MEMETIC HAZARD
1197,"""Your mind falls in the gaps"" - by Ryan Murdock"
1198,cowboy with a trumpet
1199,Aflame
1200,A vanitas still life that features twitter follower counts
1201,a beautiful person
1202,Synesthesia
1203,Is this loss?
1204,Adverb working on Photoshop Neural Filters | Behance Art
1205,Everything was beautiful and nothing hurt
1206,Mona Lisa
1207,A structure made of people standing on top of other people
1208,"Intricate, Weeping Tree by Ryan Murdock"
1209,the whitest man
1210,The Fates knit such delicate nooses for us to bind
1211,a tree with weaping branches
1212,a beautiful person
1213,Nostos
1214,Post-Modern Nouveaux Statue
1215,Genesis
1216,totemic dusk
1217,a dog.
1218,photosynthesis
1219,The average Advadnoun twitter follower
1220,"""The hunger artist, full"" by Ryan Murdock"
1221,a person's face
1222,slightly mild cosplaying pseudo beard
1223,a jukebox powered by smoke
1224,Monet Lisa
1225,Intimations of Immortality
1226,a gorgeous bouquet with roses and sunflowers
1227,face like an M.C. Escher drawing n(you could get lost in its beauty)
1228,a photo of a purple dog
1229,a tiny church inside an eyeball
1230,Good grief
1231,Last Breath
1232,a beautiful waluigi
1233,the moon is a sickle cell
1234,pathoarthistory evankirstel sleep depend npainter ‚òº nightmare comprehend
1235,I sold my soul at the crossroads
1236,Persephone
1237,a portrait of Abraham Lincoln
1238,a beautiful painting
1239,Last Breath
1240,a man on fire
1241,"a brilliant sketch titled ""Let Forever be Delayed"""
1242,A gun killed Van Gogh.
1243,a sketch of the mind of god
1244,Intimations of Immortality
1245,Intimations of Immortality
1246,turnt brony undergrad dwight
1247,A sticky-note magnum opus featuring birds
1248,Aflame
1249,Grippy socks; no drawstrings: high fashion
1250,üëâ  üëà
1251,Shrek the ogre
1252,a beautiful woman
1253,a portrait of Elvis Presley
1254,president¬†abe¬†lincoln¬†but¬†a¬†cat
1255,Post-antiquity art
1256,using generated paint
1257,a dog eating a cheese burger
1258,The average Advadnoun twitter follower
1259,Monet Lisa
1260,"A professional, minimalist poster for the book The Old Man and the Sea"
1261,We haunt the synapses
1262,Post-Modern Nouveaux Statue
1263,a picture of Ryan Murdock
1264,cowboy with a trumpet
1265,colorful rabbits chandelier polaroid
1266,a character from a ghibli movie
1267,a goblin by van gogh
1268,a beautiful painting
1269,a photo of a purple dog
1270,a portrait of Persephone
1271,"Hamlet saying ""To be or not to be"""
1272,Homer Simpson
1273,a cute cat
1274,turnt brony undergrad dwight
1275,Intimations of Immortality
1276,a man wearing makeup
1277,They called you the hyacinth girl
1278,snazzy snazzy myspace cosplaying undergrad lookin cosplaying jared
1279,Cat in a teacup
1280,Juliet
1281,"""The wages of sin are generous"" by Ryan Murdock"
1282,"Pig, neither dead nor alive, stare into the heart of light, the silence."
1283,
1284,a horse with four eyes.
1285,Advadnoun
1286,Last Breath
1287,totemic dusk
1288,The OLD DATA
1289,"Elvis holding a rabbit. A detailed, high-quality photo without distortions"
1290,a man holding an apple in one hand
1291,a beautiful woman
1292,melancholia
1293,Shinji Ikari
1294,a gorgeous bouquet with roses and sunflowers
1295,a portrait of advadnoun
1296,a tasteful nude
1297,Genesis
1298,In smoke and mould the fleshless dead
1299,The average Advadnoun twitter follower
1300,a cute cat
1301,a painting of a sycamore in
1302,a woman and a crow
1303,Persephone
1304,
1305,using generated paint
1306,"A cute, minmimalist valentine's day card featuring a cat"
1307,a painting that couldn't be sold
1308,bored of dying
1309,pasta √∂metabolism
1310,Dancing in the moonlight
1311,a beautiful woman
1312,Dr. Faustus and Mephisto
1313,"joy, happiness, bliss"
1314,a photo from {my hometown}
1315,a wholesome clown. Not creepy at all
1316,a portrait of Elvis Presley
1317,a cherry tree made of fractals
1318,a man standing alone in a wheat field
1319,Dancing in the moonlight
1320,Hunger art by Ryan Murdock
1321,a beautiful waluigi
1322,A black and white photo of a rainbow.
1323,totemic dusk
1324,a beautiful person
1325,
1326,a beautiful woman
1327,a horse with four eyes.
1328,The Lost Generation
1329,Death is a black camel that kneels down so we can ride
1330,a ginormous baby
1331,Dancing in the moonlight
1332,an old man
1333,a horse with four eyes.
1334,a photo of a purple dog
1335,pathoarthistory evankirstel sleep depend npainter ‚òº nightmare comprehend
1336,a silent palace
1337,The OLD DATA
1338,a tree with weaping branches
1339,Creativity is only composition in disguise.
1340,"r.j. Murdock's ""The Death of a Hacker"""
1341,Persephone
1342,president¬†abe¬†lincoln¬†but¬†a¬†cat
1343,There is something so interesting about a bleeding edge full of dust.
1344,A poster advertising death by water
1345,Persephone
1346,Saturn being a good dad to his son
1347,is this loss? but it's van gogh
1348,Monet Lisa
1349,fuzzy pals hum
1350,"""The hunger artist, full"" by Ryan Murdock"
1351,Shinji Ikari
1352,a beautiful woman
1353,"Son of man,nYou cannot say, or guess, for you know onlynA heap of broken images"
1354,God once loved a woman
1355,a horse with four eyes.
1356,a cherry tree made of fractals
1357,a beautiful haunting
1358,I miss the Spring
1359,gradient
1360,a wormhole
1361,a beautiful woman
1362,president¬†abe¬†lincoln¬†but¬†a¬†cat
1363,handsome commemorative garden pigeon
1364,Everywhere is no-place
1365,"""It is beginning to end.""nby Ryan Murdock."
1366,she sings opera
1367,a jukebox powered by smoke
1368,a portrait of Juliet
1369,playing Go with Death
1370,a man standing alone in a wheat field
1371,Dead Codes by Ryan Murdock
1372,Synesthesia
1373,The years gild our memoriesnUnfairly.
1374,A propaganda poster promoting big chungus
1375,"God, it's amazing."
1376,Persephone
1377,a beautiful person
1378,MEMETIC HAZARD
1379,totemic dusk
1380,Intimations of Immortality
1381,A poster advertising death by water
1382,a photo of a purple dog
1383,symmetry
1384,A poster advertising misery
1385,a portrait of Elvis Presley
1386,Post-Modern Nouveaux Statue
1387,a man from an anime
1388,Anxiety: the one emotion that does not lie
1389,photosynthesis
1390,the man in the mirror
1391,"half Ryan, half pigeon"
1392,Sorrow's my body on the wavesnnAlone on the water
1393,a seance in the basement
1394,A poster serving as a memento mori
1395,Aflame
1396,A structure made of people standing on top of other people
1397,The First Supper
1398,totemic dusk
1399,a beautiful person
1400,a painting of the last day
1401,a photo of Juliet
1402,a horse with four eyes
1403,pasta √∂metabolism
1404,Synesthesia
1405,a cherry tree made of fractals
1406,Post-post-post-post-modern art
1407,pasta √∂metabolism
1408,MEMETIC HAZARD
1409,a portrait of Abe Lincoln
1410,Everywhere is no-place
1411,Memento Mori
1412,The average Advadnoun twitter follower
1413,a beautiful painting
1414,A black and white photo of a rainbow.
1415,The Death of Achilles
1416,a portrait of <name>
1417,cult of prisms
1418,a beautiful person
1419,a beautiful painting
1420,a beautiful woman
1421,An Arundel Tomb
1422,she came in through the wall
1423,the moon is a sickle cell
1424,a minimalist painting that you wouldn't understand
1425,a tasteful nude
1426,a gilded lily
1427,a beautiful woman
1428,a brilliant painting titled
1429,a painting of the city
1430,"""Your mind falls in the gaps"" - by Ryan Murdock"
1431,"r.j. Murdock's ""The Death of a Hacker"""
1432,Aflame
1433,a beautiful painting
1434,Juliet
1435,turnt brony undergrad dwight
1436,symmetry
1437,Going home -- melanchonostalgic photography
1438,a character from a ghibli movie
1439,She's gorgeous
1440,incineratures motherhood
1441,a calm still life in ethereal blue
1442,incineratures motherhood
1443,A baroque portrait of Hamlet
1444,"A professional, minimalist poster for the book The Old Man and the Sea"
1445,Anxiety: the one emotion that does not lie
1446,a portrait of a beautiful person
1447,"Go off to sleep in the sunshine, I don‚Äôt want to see the day when it‚Äôs dying"
1448,a tree with weaping branches
1449,a tasteful nude
1450,Intimations of Immortality
1451,Weeping Roses
1452,playing Go with Death
1453,"Elvis holding a rabbit. A detailed, high-quality photo without distortions"
1454,snazzy snazzy myspace cosplaying undergrad lookin cosplaying jared
1455,turnt brony undergrad dwight
1456,Dancing in the moonlight
1457,Figure 5: a corgi
1458,a beautiful woman
1459,A Tragedy
1460,a photo of a purple dog
1461,a famous painted portrait of Lady Macbeth
1462,"A cute, minmimalist valentine's day card featuring a cat"
1463,The things I'll take with me
1464,pathoarthistory evankirstel sleep depend npainter ‚òº nightmare comprehend
1465,Summer's Symphony: Counterpoint and Melody
1466,a horse with four eyes
1467,Aflame
1468,a ginormous baby
1469,
1470,Saturn being a good dad to his son
1471,a beautiful woman
1472,a terrifying night hag
1473,a portrait of Abraham Lincoln
1474,"i'm never gonna lose the desire to be loved. ""Oh the pain!! The pain! The agony!"""
1475,a cute cat
1476,"""The hunger artist, full"" by Ryan Murdock"
1477,A baroque portrait of Hamlet
1478,a beautiful person
1479,Last Breath
1480,Juliet
1481,"Go off to sleep in the sunshine, I don‚Äôt want to see the day when it‚Äôs dying"
1482,"God, it's amazing."
1483,a portrait of Abraham Lincoln
1484,a woman and a crow
1485,a portrait of Abraham Lincoln
1486,Dancing in the moonlight
1487,a tree with weaping branches
1488,using generated paint
1489,a gilded lily
1490,treehouse in the style of studio ghibli animation
1491,chiaroscuro
1492,Last Breath
1493,A dead man
1494,a summer day
1495,The fates knit such intricate nooses for us to bind.
1496,bored of dying
1497,üî¥~__ÔøΩÔøΩ't ÔøΩ
1498,Pig which could not cease to die.
1499,Intimations of Immortality
1500,a painting of a sycamore in
1501,The Fool
1502,she isn't busy: she just isn't into you
1503,a beautiful person
1504,"""The hunger artist, full"" by Ryan Murdock"
1505,
1506,a portrait of Elvis Presley
1507,a woman and a crow
1508,Homer Simpson
1509,Anxiety: the one emotion that does not lie
1510,A structure made of people standing on top of other people
1511,a beautiful person
1512,a beautiful person
1513,totemic dusk
1514,a christmas card from the victorian era
1515,Sickness of the Soul
1516,God is in heaven and all is right in the world
1517,Mona Lisa
1518,a portrait of Abraham Lincoln
1519,a cute cat
1520,turnt brony undergrad dwight
1521,"a brilliant sketch titled ""Let Forever be Delayed"""
1522,a city in Van Gogh's style
1523,Synesthesia by Ryan Murdock
1524,"""A God Made of Wires and Dust"" by Ryan Murdock"
1525,a beautiful dawn
1526,a portrait of Abraham Lincoln
1527,
1528,a horse with four eyes.
1529,Last Breath
1530,slightly mild cosplaying pseudo beard
1531,
1532,A dead man
1533,cowboy with a trumpet
1534,We haunt the synapses
1535,
1536,a horse with four eyes.
1537,pasta √∂metabolism
1538,A short life full of immense joy
1539,a wormhole
1540,Juliet
1541,is this loss? but it's van gogh
1542,tamine ethereal image
1543,is this loss? but it's van gogh
1544,"A clock with gorgeous, intricate gradients on it"
1545,Dancing in the moonlight
1546,a broken heart
1547,a wormhole
1548,beautiful art
1549,Genesis
1550,face like an M.C. Escher drawing n(you could get lost in its beauty)
1551,a character from a ghibli movie
1552,Cat in a teacup
1553,symmetry
1554,A black and white photo of a rainbow.
1555,A propaganda poster promoting big chungus
1556,a woman and a crow
1557,a green doG
1558,"""The hunger artist, full"" by Ryan Murdock"
1559,snazzy snazzy myspace cosplaying undergrad lookin cosplaying jared
1560,Last Breath
1561,The Monet Lisa
1562,all architecture
1563,The Virgin Mary as a broken-down android
1564,a terrifying night hag
1565,a green doG
1566,pasta √∂metabolism
1567,The Fool tarot card but it's The Lovers
1568,Do you remember the mythic beast?nA last-minute cancellation at The Last Supper
1569,the eternal dread of lemongrab
1570,The warrior Achilles devours slain Hector's corpse -- an ink poster by Ryan Murdock
1571,Shinji Ikari
1572,The Monet Lisa
1573,a cherry tree made of fractals
1574,a portrait of Juliet
1575,She's gorgeous
1576,A black and white photo of a rainbow.
1577,They called you the hyacinth girl
1578,a portrait of <name>
1579,photosynthesis
1580,"Elvis holding a rabbit. A detailed, high-quality photo without distortions"
1581,The Starry Night
1582,"""A new hope blooms on the long notes of old horns."""
1583,A minimalistic still life of a cat sitting on a table
1584,a dog eating a cheese burger
1585,A structure made of people standing on top of other people
1586,Genesis
1587,
1588,"Oh the Death, not pigs forever."
1589,The Starry Night
1590,Persephone
1591,a beautiful person
1592,Sickness of the Soul
1593,turnt brony undergrad dwight
1594,a gilded lily
1595,Photograph of a glass of Blue Tea
1596,a woman and a crow
1597,
1598,a beautiful person
1599,turnt brony undergrad dwight
1600,mammals
1601,The Lost Generation
1602,a goblin by van gogh
1603,A black and white photo of a rainbow.
1604,"""Your mind flails in the gaps"" - by Ryan Murdock"
1605,"half Ryan, half pigeon"
1606,An Arundel Tomb
1607,pasta √∂metabolism
1608,A dandelion blown into the universe
1609,a man at the beach
1610,Monet Lisa
1611,"r.j. Murdock's ""The Death of a Hacker"""
1612,Saturn being a good dad to his son
1613,The Starry Night
1614,a beautiful person
1615,"Elvis holding a rabbit. A detailed, high-quality photo without distortions"
1616,an old man
1617,an intricate sculpture of Death itself
1618,Genesis
1619,a cherry tree made of fractals
1620,a beautiful woman
1621,a beautiful woman
1622,an illustration of a baby daikon radish in a tutu walking a dog
1623,
1624,the latent space
1625,A dead man
1626,
1627,frogs in the style of Ralph Steadman
1628,a cherry tree made of fractals
1629,fuzzy pals hum
1630,a tiny church inside an eyeball
1631,Aflame
1632,a sunflower
1633,Nostos
1634,Monet Lisa
1635,Monet Lisa
1636,a cherry tree made of fractals
1637,Cat in a teacup
1638,I miss the Spring
1639,a beautiful person
1640,Redacted ‚ñà‚ñà‚ñà‚ñà‚ñà‚ñà‚ñà‚ñà
1641,"God, it's amazing."
1642,a portrait of <name>
1643,Shrek the ogre
1644,Super Mario World but every character is Luigi
1645,God killed Van Gogh.
1646,"A cute, minmimalist valentine's day card featuring a cat"
1647,She's gorgeous
1648,a sunflower
1649,the sun is shining on the lake
1650,the intersection of art and technology
1651,a beautiful woman
1652,a beautiful painting
1653,Paradise Lost
1654,president¬†abe¬†lincoln¬†but¬†a¬†cat
1655,
1656,"""The Penultimate Supper"" by Da Vinci"
1657,On the edge of endless darkness
1658,With the Gods in envy of their visions
1659,Dril is a cyber-philosopher.
1660,"r.j. Murdock's ""The Death of a Hacker"""
1661,
1662,a picture of Ryan Murdock
1663,A E S T H E T I C ?
1664,deepdream aka inceptionism
1665,pathoarthistory evankirstel sleep depend npainter ‚òº nightmare comprehend
1666,a beautiful woman
1667,Homer Simpson
1668,Persephone
1669,the whitest man
1670,handsome commemorative garden pigeon
1671,"Elvis holding a rabbit. A detailed, high-quality photo without distortions"
1672,a minimalist painting that you wouldn't understand
1673,a beautiful person
1674,Monet Lisa
1675,Monet Lisa
1676,cult of prisms
1677,"a ""This machine kills Trojans"" sticker on a Greek lyre"
1678,The agony of time
1679,turnt brony undergrad dwight
1680,the whitest man
1681,Dril is a cyber-philosopher.
1682,Alan Turing
1683,when the wind blows
1684,a portrait of Persephone
1685,deepdream aka inceptionism
1686,Dead Codes by Ryan Murdock
1687,Saturn being a good dad to his son
1688,a portrait of Abraham Lincoln
1689,The Theotokos is a bird
1690,a beautiful woman
1691,"i'm never gonna lose the desire to be loved. ""Oh the pain!! The pain! The agony!"""
1692,a corgi
1693,a green doG
1694,A E S T H E T I C ?
1695,
1696,the intersection of art and technology
1697,Dead Codes by Ryan Murdock
1698,a cute rabbit
1699,"God, it's amazing."
1700,a silent palace
1701,a wholesome clown. Not creepy at all
1702,Exquisite LonelinessnnLurid art by Ryan Murdock
1703,A structure made of people standing on top of other people
1704,Dead Codes by Ryan Murdock
1705,a gorgeous bouquet with roses and sunflowers
1706,a portrait of <name>
1707,intricate nothing
1708,snazzy snazzy myspace cosplaying undergrad lookin cosplaying jared
1709,Metaphysics
1710,using generated paint
1711,a minimalist painting that you wouldn't understand
1712,she sings opera
1713,Cat in a teacup
1714,turnt brony undergrad dwight
1715,a beautiful woman
1716,"""The hunger artist, full"" by Ryan Murdock"
1717,The years gild our memoriesnUnfairly.
1718,a woman and a crow
1719,A vanitas still life that features twitter follower counts
1720,The Monet Lisa
1721,a gorgeous bouquet with roses and sunflowers
1722,Philosophy is really homesickness: the urge to be at home everywhere
1723,a green doG
1724,an omen
1725,An elegant image of nature with gorgeous swirling gradients by R.J. Murdock
1726,a cute corgi
1727,cowboy with a trumpet
1728,"The laptop of brave Achaean Achilles, who would not live long."
1729,a portrait of a beautiful woman
1730,slightly mild cosplaying pseudo beard
1731,a man standing alone in a wheat field
1732,Aflame
1733,a portrait of Persephone
1734,a woman and a crow
1735,I sold my soul at the crossroads
1736,the demise of the universe
1737,a portrait of a beautiful person
1738,"Mephisto, shrouded in smoke"
1739,a portrait of advadnoun
1740,God is in heaven and all is right in the world
1741,a cherry tree made of fractals
1742,Odysseus speaks to the shades in Hades
1743,a steampunk technomancer
1744,a woman and a crow
1745,treehouse in the style of studio ghibli animation
1746,a gorgeous bouquet with roses and sunflowers
1747,üé∑
1748,a cherry tree made of fractals
1749,"A cute, minmimalist valentine's day card featuring a cat"
1750,a famous painted portrait of Lady Macbeth
1751,pasta √∂metabolism
1752,A short life full of immense joy
1753,a terrifying night hag
1754,a horse with four eyes.
1755,A baroque portrait of Hamlet
1756,this person is
1757,snazzy snazzy myspace cosplaying undergrad lookin cosplaying jared
1758,"a brilliant sketch titled ""Let Forever be Delayed"""
1759,baby metal
1760,a character from a ghibli movie
1761,a corgi
1762,the massive hope nof early iterations
1763,a portrait of a beautiful person
1764,Intimations of Immortality
1765,a silent palace
1766,Post-post-post-post-modern art
1767,a person's face
1768,"r.j. Murdock's ""The Death of a Hacker"""
1769,a cherry tree made of fractals
1770,Ophelia
1771,A E S T H E T I C ?
1772,
1773,
1774,Genesis
1775,Persephone
1776,Last Breath
1777,a portrait of Abraham Lincoln
1778,The OLD DATA
1779,the whitest man
1780,a minimalist painting that you wouldn't understand
1781,God once loved a woman
1782,totemic dusk
1783,when the wind blows
1784,treehouse in the style of studio ghibli animation
1785,a corgi
1786,Last Breath
1787,slightly mild cosplaying pseudo beard
1788,a portrait of a beautiful woman
1789,
1790,a photo from {my hometown}
1791,Dancing in the moonlight
1792,Everywhere is no-place
1793,Post-post-post-post-modern art
1794,üëâ  üëà
1795,
1796,a woman and a crow
1797,"half Ryan, half pigeon"
1798,president¬†abe¬†lincoln¬†but¬†a¬†cat
1799,A propaganda poster promoting big chungus
1800,"""The hunger artist, full"" by Ryan Murdock"
1801,a painting that couldn't be sold
1802,a beautiful haunting
1803,a technomancer
1804,"""A God Made of Wires and Dust"" by Ryan Murdock"
1805,little birds
1806,"""The hunger artist, full"" by Ryan Murdock"
1807,"""The hunger artist, full"" by Ryan Murdock"
1808,rooted reflected worries
1809,is this loss? but it's van gogh
1810,a portrait of <name>
1811,a beautiful person
1812,a photo portrait of Joe Bidenthulu
1813,a dog eating a cheese burger
1814,Aflame
1815,"a brilliant sketch titled ""Let Forever be Delayed"""
1816,Aflame
1817,Aflame
1818,a beautiful haunting
1819,totemic dusk
1820,"""The hunger artist, full"" by Ryan Murdock"
1821,Intimations of Immortality
1822,"""Your mind fails in the gaps"" - by Ryan Murdock"
1823,snazzy snazzy myspace cosplaying undergrad lookin cosplaying jared
1824,a dog.
1825,a green doG
1826,The Lost Generation
1827,Last Breath
1828,intricate nothing
1829,"God, it's amazing."
1830,this person is
1831,a silent palace
1832,a dog eating a cheese burger
1833,Genesis
1834,a calm still life in ethereal blue
1835,slightly mild cosplaying pseudo beard
1836,A propaganda poster promoting big chungus
1837,is this loss? but it's van gogh
1838,Dancing in the moonlight
1839,a corgi
1840,üî¥~__ÔøΩÔøΩ't ÔøΩ
1841,totemic dusk
1842,a ginormous baby
1843,Dancing in the moonlight
1844,a photo from {my hometown}
1845,a beautiful Waluigi
1846,human
1847,A black and white photo of a rainbow.
1848,a beautiful person
1849,"""Cameras can't make art""nnAn oil on canvas by Murdock"
1850,a cherry tree made of fractals
1851,a beautiful person
1852,Taylor Swift
1853,a man on fire
1854,Post-Modern Nouveaux Statue
1855,is this loss? but it's van gogh
1856,a man at the beach
1857,a beautiful person
1858,"""The hunger artist, full"" by Ryan Murdock"
1859,The OLD DATA
1860,Dancing in the moonlight
1861,A structure made of people standing on top of other people
1862,a horse with four eyes.
1863,ÔøΩ>: ican read wii
1864,a portrait of Abraham Lincoln
1865,A propaganda poster for chunky cats.
1866,
1867,The Death of Achilles
1868,on the edge of grace
1869,I did not mean it I wanted a cute clever cartoon I swear.
1870,a handwritten obituary
1871,a man standing alone in a wheat field
1872,the intersection of art and technology
1873,Memento Mori
1874,a portrait of a beautiful woman
1875,cigar sammycorgi
1876,a steampunk technomancer
1877,"Sons are like birds, flying always over the mountain"
1878,The Lost Generation
1879,a minimalist painting that you wouldn't understand
1880,A black and white photo of a rainbow.
1881,a man holding an apple in one hand
1882,üî¥~__ÔøΩÔøΩ't ÔøΩ
1883,üç∞  üá∫ üéì üê∂
1884,a man holding an apple in one hand
1885,a sketch of the mind of god
1886,treehouse in the style of studio ghibli animation
1887,Beauty here -- a photograph by Ryan Murdock
1888,A E S T H E T I C ?
1889,a selfie
1890,is this loss? but it's van gogh
1891,Costco wedding
1892,a beautiful person
1893,a green doG
1894,symmetry
1895,a dog eating a cheese burger
1896,a summer day
1897,"""A God Made of Wires and Dust"" by Ryan Murdock"
1898,snazzy snazzy myspace cosplaying undergrad lookin cosplaying jared
1899,a portrait of a beautiful woman
1900,–∑–µ–ª–µ–Ω–∞—è —Å–æ–±–∞–∫–∞
1901,"joy, happiness, bliss"
1902,Juliet
1903,a wholesome clown. Not creepy at all
1904,meaningless neko ‚ô°‚ô° neko
1905,I can read when there's writing on the wall
1906,"Oh the Death, not pigs forever."
1907,a minimalist painting that you wouldn't understand
1908,Aflame
1909,Super Mario World but every character is Luigi
1910,/
1911,Dead Codes by Ryan Murdock
1912,A vanitas still life that features twitter follower counts
1913,a beautiful woman
1914,a lamp
1915,
1916,the eyes of God are wired shut
1917,intricate nothing
1918,Is this loss?
1919,a photo of a purple dog
1920,a lamp
1921,totemic dusk
1922,The average Advadnoun twitter follower
1923,photosynthesis
1924,Costco wedding
1925,üî¥~__ÔøΩÔøΩ't ÔøΩ
1926,Aflame
1927,a cherry tree made of fractals
1928,an intricate painting of eternity
1929,Saturn being a good dad to his son
1930,Nostos
1931,a beautiful person
1932,A gargoyle of wires and flesh
1933,üé∑
1934,a beautiful person
1935,a tasteful nude
1936,Faceless Sorrow
1937,a gorgeous bouquet with roses and sunflowers
1938,using generated paint
1939,A Tragedy
1940,–∑–µ–ª–µ–Ω–∞—è —Å–æ–±–∞–∫–∞
1941,üî¥~__ÔøΩÔøΩ't ÔøΩ
1942,A Tragedy
1943,A sticky-note magnum opus featuring birds
1944,president¬†abe¬†lincoln¬†but¬†a¬†cat
1945,using generated paint
1946,
1947,Intimations of Immortality
1948,a portrait of <name>
1949,a silent palace
1950,A poster advertising death by water
1951,A propaganda poster promoting big chungus
1952,totemic dusk
1953,a horse with four eyes.
1954,cigar sammycorgi
1955,"""It is beginning to end.""nby Ryan Murdock."
1956,all architecture
1957,a portrait of Abraham Lincoln
1958,"joy, happiness, bliss"
1959,a man with a beard
1960,Genesis
1961,üëâ  üëà
1962,Summer's Symphony: Counterpoint and Melody
1963,A gun killed Van Gogh.
1964,snazzy snazzy myspace cosplaying undergrad lookin cosplaying jared
1965,A minimalist propaganda poster promoting panpsychism
1966,Persephone
1967,a goblin by van gogh
1968,"""A new hope blooms on the long notes of old horns."""
1969,a painting of the city
1970,
1971,The agony of time
1972,Ophelia
1973,turnt brony undergrad dwight
1974,a beautiful person
1975,totemic dusk
1976,The Fool tarot card but it's The Lovers
1977,
1978,a broken heart
1979,"Rise, Oink, Lazarus of Bethany"
1980,"""The hunger artist, full"" by Ryan Murdock"
1981,a cherry tree made of fractals
1982,an intricate painting of eternity
1983,She's gorgeous
1984,a beautiful person
1985,I¬†will¬†meet¬†you¬†in¬†a¬†field¬†firmly¬†set¬†within¬†wrong.nnBy¬†Ryan¬†Murdock
1986,using generated paint
1987,a portrait of Abe Lincoln
1988,Persephone flees Hades
1989,a steampunk technomancer
1990,a beautiful woman
1991,"A portrait: man, whose lineage is corpse."
1992,üî¥~__ÔøΩÔøΩ't ÔøΩ
1993,Intimations of Immortality
1994,an omen
1995,Persephone
1996,"God closes a door, boards up stained-glass windows."
1997,"""A new hope blooms on the long notes of old horns."""
1998,Fire
1999,
2000,Metaphysics
2001,"""The hunger artist, full"" by Ryan Murdock"
2002,when the wind blows
2003,a portrait of a beautiful person
2004,The Lost Generation
2005,a corgi
2006,a beautiful woman
2007,pasta √∂metabolism
2008,a sad man
2009,Juliet
2010,a painting of a sycamore in
2011,a portrait of Abraham Lincoln
2012,The Fates knit such delicate nooses for us to bind
2013,a photo from {my hometown}
2014,a tree with leaves that are amarillo sightseeing thetic
2015,Sickness of the Soul
2016,pasta √∂metabolism
2017,pasta √∂metabolism
2018,bored of dying
2019,An Arundel Tomb
2020,The Starry Night
2021,Nostos
2022,bored of dying
2023,The Lost Generation
2024,The average Advadnoun twitter follower
2025,pathoarthistory evankirstel sleep depend npainter ‚òº nightmare comprehend
2026,a silent palace
2027,beautiful art
2028,
2029,Last Breath
2030,
2031,a tasteful nude
2032,a portrait of advadnoun
2033,a portrait of a beautiful person
2034,a man holding an apple in one hand
2035,a gorgeous bouquet with roses and sunflowers
2036,photosynthesis
2037,God killed Van Gogh.
2038,Saturn being a good dad to his son
2039,a horse with four eyes.
2040,a beautiful woman
2041,a beautiful person
2042,a portrait of Abe Lincoln
2043,totemic dusk
2044,A Tragedy
2045,Persephone
2046,The OLD DATA
2047,"Elvis holding a rabbit. A detailed, high-quality photo without distortions"
2048,face like an M.C. Escher drawing n(you could get lost in its beauty)
2049,Dead Codes by Ryan Murdock
2050,Intimations of Immortality
2051,turnt brony undergrad dwight
2052,a photo of a purple dog
2053,Cat in a teacup
2054,üî¥~__ÔøΩÔøΩ't ÔøΩ
2055,turnt brony undergrad dwight
2056,Beauty here -- a photo by r.j. Murdock
2057,The Fool
2058,a portrait of Juliet
2059,a jukebox powered by smoke
2060,cowboy with a trumpet
2061,twilight
2062,"joy, happiness, bliss"
2063,Dead Codes by Ryan Murdock
2064,"a brilliant sketch titled ""Let Forever be Delayed"""
2065,tamine ethereal image
2066,a portrait of <name>
2067,"God, it's amazing."
2068,she came in through the wall
2069,Fire
2070,Juliet
2071,God killed Van Gogh.
2072,a portrait of Persephone
2073,a beautiful person
2074,the whitest man
2075,Somewhere where I am not.nIntricate beauty by Ryan Murdock.
2076,a gilded lily
2077,The Lost Generation
2078,Dead Codes by Ryan Murdock
2079,Intimations of Immortality
2080,meaningless neko ‚ô°‚ô° neko
2081,beautiful art
2082,"""The hunger artist, full"" by Ryan Murdock"
2083,an intricate painting of eternity
2084,Good grief
2085,"a person with 2 eyes, one mouth, one nose, and no extra holes!"
2086,The Fool
